{
    "bcal_20230504062148_r7c7.txt event 1": {
        "gruid hits - side 1": {
            "0.0": {
                "5,5": {
                    "# of hits": 1,
                    "energy deposited": 2.80542165213e-06
                },
                "5,7": {
                    "# of hits": 4,
                    "energy deposited": 2.983889696556e-05
                },
                "5,8": {
                    "# of hits": 2,
                    "energy deposited": 8.798929666490999e-06
                }
            }
        },
        "gruid hits - side 2": {
            "0.0": {
                "4,1": {
                    "# of hits": 1,
                    "energy deposited": 9.0585104148e-06
                },
                "4,3": {
                    "# of hits": 1,
                    "energy deposited": 5.90702015268e-06
                },
                "5,0": {
                    "# of hits": 5,
                    "energy deposited": 2.2109352417793998e-05
                },
                "5,1": {
                    "# of hits": 4,
                    "energy deposited": 3.650863187696e-05
                },
                "5,2": {
                    "# of hits": 1,
                    "energy deposited": 8.72382429095e-07
                },
                "5,3": {
                    "# of hits": 1,
                    "energy deposited": 2.37555862334e-06
                },
                "5,4": {
                    "# of hits": 1,
                    "energy deposited": 1.02280233528e-05
                },
                "5,5": {
                    "# of hits": 3,
                    "energy deposited": 1.296675825e-05
                },
                "5,7": {
                    "# of hits": 5,
                    "energy deposited": 2.4683768247515e-05
                },
                "5,8": {
                    "# of hits": 2,
                    "energy deposited": 1.6664314949700002e-05
                }
            }
        },
        "gruid metadata": {
            "# of columns (x)": 7,
            "# of rows (y)": 10,
            "dt": 30.0,
            "dx": 0.1,
            "dy": 0.1,
            "pid": -13
        }
    },
    "bcal_20230504062148_r7c7.txt event 2": {
        "gruid hits - side 1": {
            "0.0": {
                "2,0": {
                    "# of hits": 2,
                    "energy deposited": 9.026707134623e-06
                },
                "2,3": {
                    "# of hits": 2,
                    "energy deposited": 9.533729981240001e-06
                },
                "2,5": {
                    "# of hits": 2,
                    "energy deposited": 6.904511334069999e-06
                },
                "2,6": {
                    "# of hits": 3,
                    "energy deposited": 2.150902429155e-05
                },
                "3,0": {
                    "# of hits": 3,
                    "energy deposited": 1.615177958386e-05
                },
                "3,1": {
                    "# of hits": 5,
                    "energy deposited": 3.028818490372e-05
                },
                "3,2": {
                    "# of hits": 1,
                    "energy deposited": 2.86458827125e-06
                },
                "3,3": {
                    "# of hits": 1,
                    "energy deposited": 6.89401182466e-06
                },
                "3,4": {
                    "# of hits": 3,
                    "energy deposited": 2.205322387033e-05
                },
                "3,5": {
                    "# of hits": 3,
                    "energy deposited": 2.582217053727e-05
                },
                "3,6": {
                    "# of hits": 3,
                    "energy deposited": 1.1962910303279999e-05
                },
                "3,7": {
                    "# of hits": 1,
                    "energy deposited": 1.99859132589e-06
                }
            }
        },
        "gruid hits - side 2": {
            "0.0": {
                "2,7": {
                    "# of hits": 4,
                    "energy deposited": 2.369476486919e-05
                },
                "3,7": {
                    "# of hits": 3,
                    "energy deposited": 1.0071300165860001e-05
                }
            }
        },
        "gruid metadata": {
            "# of columns (x)": 7,
            "# of rows (y)": 10,
            "dt": 30.0,
            "dx": 0.1,
            "dy": 0.1,
            "pid": -13
        }
    },
    "bcal_20230504062148_r7c7.txt event 3": {
        "gruid hits - side 1": {
            "0.0": {
                "4,4": {
                    "# of hits": 3,
                    "energy deposited": 2.419052181527e-05
                },
                "4,5": {
                    "# of hits": 1,
                    "energy deposited": 8.94902739662e-06
                },
                "4,7": {
                    "# of hits": 9,
                    "energy deposited": 3.7605852714381e-05
                },
                "5,0": {
                    "# of hits": 1,
                    "energy deposited": 2.2220347561e-06
                }
            }
        },
        "gruid hits - side 2": {
            "0.0": {
                "4,4": {
                    "# of hits": 1,
                    "energy deposited": 4.73183186858e-06
                },
                "4,5": {
                    "# of hits": 4,
                    "energy deposited": 2.14056178134e-05
                },
                "4,8": {
                    "# of hits": 1,
                    "energy deposited": 7.73751089908e-06
                },
                "5,3": {
                    "# of hits": 1,
                    "energy deposited": 1.32295436103e-06
                }
            }
        },
        "gruid metadata": {
            "# of columns (x)": 7,
            "# of rows (y)": 10,
            "dt": 30.0,
            "dx": 0.1,
            "dy": 0.1,
            "pid": -13
        }
    },
    "bcal_20230504062148_r7c7.txt event 4": {
        "gruid hits - side 1": {
            "0.0": {
                "0,1": {
                    "# of hits": 2,
                    "energy deposited": 1.599449214688e-05
                },
                "0,3": {
                    "# of hits": 2,
                    "energy deposited": 1.3909009167730001e-05
                },
                "1,0": {
                    "# of hits": 3,
                    "energy deposited": 1.3619874556425e-05
                },
                "1,3": {
                    "# of hits": 1,
                    "energy deposited": 3.42314142178e-06
                },
                "1,5": {
                    "# of hits": 2,
                    "energy deposited": 8.91943737246e-06
                }
            }
        },
        "gruid hits - side 2": {
            "0.0": {
                "0,0": {
                    "# of hits": 2,
                    "energy deposited": 3.73195905642e-06
                },
                "0,1": {
                    "# of hits": 5,
                    "energy deposited": 1.4169504466896e-05
                },
                "0,3": {
                    "# of hits": 4,
                    "energy deposited": 1.732445180015e-05
                },
                "1,0": {
                    "# of hits": 2,
                    "energy deposited": 1.574776836217e-05
                },
                "1,1": {
                    "# of hits": 1,
                    "energy deposited": 6.59858873444e-06
                }
            }
        },
        "gruid metadata": {
            "# of columns (x)": 7,
            "# of rows (y)": 10,
            "dt": 30.0,
            "dx": 0.1,
            "dy": 0.1,
            "pid": -13
        }
    },